"Status","Start Time","Stop Time","Duration in ms","Parent Suite","Suite","Sub Suite","Test Class","Test Method","Name","Description"
"passed","Tue Sep 14 16:23:03 CST 2021","Tue Sep 14 16:23:03 CST 2021","38","testcase","test_getxnumber","TestGetxnumber","","","test_getxnumber[getxnumber6]",""
"passed","Tue Sep 14 16:23:03 CST 2021","Tue Sep 14 16:23:03 CST 2021","41","testcase","test_getxnumber","TestGetxnumber","","","test_getxnumber[getxnumber4]",""
"passed","Tue Sep 14 16:23:03 CST 2021","Tue Sep 14 16:23:03 CST 2021","16","testcase","test_getxnumber","TestGetxnumber","","","test_getxnumber[getxnumber10]",""
"passed","Tue Sep 14 16:23:03 CST 2021","Tue Sep 14 16:23:03 CST 2021","66","testcase","test_getxnumber","TestGetxnumber","","","test_getxnumber[getxnumber0]",""
"passed","Tue Sep 14 16:23:03 CST 2021","Tue Sep 14 16:23:03 CST 2021","14","testcase","test_getxnumber","TestGetxnumber","","","test_getxnumber[getxnumber7]",""
"passed","Tue Sep 14 16:23:03 CST 2021","Tue Sep 14 16:23:03 CST 2021","46","testcase","test_getxnumber","TestGetxnumber","","","test_getxnumber[getxnumber5]",""
"passed","Tue Sep 14 16:23:03 CST 2021","Tue Sep 14 16:23:03 CST 2021","45","testcase","test_getxnumber","TestGetxnumber","","","test_getxnumber[getxnumber8]",""
"passed","Tue Sep 14 16:23:03 CST 2021","Tue Sep 14 16:23:03 CST 2021","26","testcase","test_getxnumber","TestGetxnumber","","","test_getxnumber[getxnumber2]",""
"passed","Tue Sep 14 16:23:03 CST 2021","Tue Sep 14 16:23:03 CST 2021","29","testcase","test_getxnumber","TestGetxnumber","","","test_getxnumber[getxnumber1]",""
"passed","Tue Sep 14 16:23:03 CST 2021","Tue Sep 14 16:23:03 CST 2021","37","testcase","test_getxnumber","TestGetxnumber","","","test_getxnumber[getxnumber9]",""
"passed","Tue Sep 14 16:23:03 CST 2021","Tue Sep 14 16:23:03 CST 2021","34","testcase","test_getxnumber","TestGetxnumber","","","test_getxnumber[getxnumber11]",""
"passed","Tue Sep 14 16:23:03 CST 2021","Tue Sep 14 16:23:03 CST 2021","14","testcase","test_getxnumber","TestGetxnumber","","","test_getxnumber[getxnumber3]",""
